iter	MultiClass
0	4.352987863
1	4.348949056
2	4.345235591
3	4.340557103
4	4.337012016
5	4.333498233
6	4.329572312
